Model,CV Accuracy,CV Balanced Accuracy,CV Precision,CV Recall,CV F1,CV ROC-AUC,CV PR-AUC
Random Forest,0.749375,0.5,0.749375,1.0,0.8567339637107079,0.5037870572149905,0.753986733576929
Extra Trees,0.74875,0.5070626711090449,0.7520594799167652,0.9916562064156207,0.8553953064439612,0.49739151282994987,0.7531590202945931
KNN,0.7368750000000001,0.49332112970711295,0.7468192536718583,0.981642259414226,0.8482777814060452,0.4875117177411024,0.7528243331243918
Gradient Boosting,0.7293749999999999,0.4974758510253629,0.7484108207650777,0.9624825662482566,0.8419747854477692,0.5004910910300119,0.7488232338170749
XGBoost,0.6150000000000001,0.48830763469187455,0.7436242238266634,0.7422942817294281,0.742770037351528,0.49460180181052743,0.744077182288167
SVM,0.569375,0.49857217573221757,0.7479393486696136,0.6404776847977685,0.689492364481451,0.5075218890438554,0.7675628622621122
Logistic Regression,0.53125,0.4913840461800712,0.7439111391747101,0.5712866108786611,0.6461740772806699,0.47027588912133894,0.7300655912381553
Gaussian Naive Bayes,0.506875,0.49251904798801593,0.743730908784038,0.5212726638772665,0.6118363555212096,0.49561367532543005,0.7504568066835086
Decision Tree,0.4625,0.4904302262513559,0.7422457016103039,0.43456415620641564,0.5425213434263856,0.49531346127770026,0.7473363511332611
