run_id,experiment_id,status,artifact_uri,start_time,end_time,metrics.cv_roc_auc,metrics.cv_accuracy,metrics.cv_recall,metrics.cv_balanced_accuracy,metrics.cv_pr_auc,metrics.cv_precision,metrics.cv_f1,metrics.test_recall,metrics.test_precision,metrics.test_accuracy,metrics.test_balanced_accuracy,metrics.test_roc_auc,metrics.test_pr_auc,metrics.test_f1,metrics.cv_mae,metrics.cv_r2,metrics.cv_rmse,metrics.test_rmse,metrics.untuned_rf_cv_rmse,metrics.tuned_rf_cv_rmse,metrics.test_mae,metrics.baseline_cv_rmse,metrics.test_r2,metrics.validation_rmse,metrics.validation_mae,params.input_features,params.training_rows,params.cv_folds,params.test_rows,params.model,params.target_rule,params.selection_metric,params.max_features,params.max_depth,params.n_estimators,params.min_samples_leaf,params.window,params.frequency,params.order,tags.mlflow.source.type,tags.project,tags.mlflow.runName,tags.source_notebook,tags.status,tags.tracking_type,tags.mlflow.user,tags.evaluation_period,tags.stage,tags.task,tags.mlflow.source.name,tags.target,tags.reason,tags.explainability,tags.leakage_policy
a6ea0ee52c9d497caabf05117c9df3d5,2,FINISHED,file:///c:/Users/srisa/OneDrive/Desktop/Projects/Public Transport Delays/notebooks/mlruns/2/a6ea0ee52c9d497caabf05117c9df3d5/artifacts,2026-10-03 09:14:00.613000+00:00,2026-10-03 09:14:00.868000+00:00,0.5037870572149905,0.749375,1.0,0.5,0.753986733576929,0.749375,0.8567339637107079,,,,,,,,,,,,,,,,,,,33,1600,5,400,Random Forest,,,,,,,,,,NOTEBOOK,public_transport_delay_prediction,Classification - Random Forest CV,03_Classification_Model_Building_and_Evaluation,diagnostic,completed_experiment,srisa,5_fold_cross_validation,model_comparison,classification,07_MLflow_Experiment_Tracking.ipynb,delayed,,,
bd4c63d61a7e429c8f098fd27a2bcb6b,2,FINISHED,file:///c:/Users/srisa/OneDrive/Desktop/Projects/Public Transport Delays/notebooks/mlruns/2/bd4c63d61a7e429c8f098fd27a2bcb6b/artifacts,2026-10-03 09:14:00.899000+00:00,2026-10-03 09:14:01.063000+00:00,0.4973915128299498,0.74875,0.9916562064156208,0.5070626711090449,0.7531590202945931,0.7520594799167652,0.8553953064439612,,,,,,,,,,,,,,,,,,,33,1600,5,400,Extra Trees,,,,,,,,,,NOTEBOOK,public_transport_delay_prediction,Classification - Extra Trees CV,03_Classification_Model_Building_and_Evaluation,diagnostic,completed_experiment,srisa,5_fold_cross_validation,model_comparison,classification,07_MLflow_Experiment_Tracking.ipynb,delayed,,,
a349f349a5d7496abdcec98153446a36,2,FINISHED,file:///c:/Users/srisa/OneDrive/Desktop/Projects/Public Transport Delays/notebooks/mlruns/2/a349f349a5d7496abdcec98153446a36/artifacts,2026-10-03 09:14:01.210000+00:00,2026-10-03 09:14:01.418000+00:00,0.4875117177411024,0.7368750000000001,0.981642259414226,0.4933211297071129,0.7528243331243918,0.7468192536718583,0.8482777814060452,,,,,,,,,,,,,,,,,,,33,1600,5,400,KNN,,,,,,,,,,NOTEBOOK,public_transport_delay_prediction,Classification - KNN CV,03_Classification_Model_Building_and_Evaluation,diagnostic,completed_experiment,srisa,5_fold_cross_validation,model_comparison,classification,07_MLflow_Experiment_Tracking.ipynb,delayed,,,
eaa55a0ad0884058a3a8c38624809540,2,FINISHED,file:///c:/Users/srisa/OneDrive/Desktop/Projects/Public Transport Delays/notebooks/mlruns/2/eaa55a0ad0884058a3a8c38624809540/artifacts,2026-10-03 09:14:01.449000+00:00,2026-10-03 09:14:01.660000+00:00,0.5004910910300119,0.7293749999999999,0.9624825662482566,0.4974758510253629,0.7488232338170749,0.7484108207650777,0.8419747854477692,,,,,,,,,,,,,,,,,,,33,1600,5,400,Gradient Boosting,,,,,,,,,,NOTEBOOK,public_transport_delay_prediction,Classification - Gradient Boosting CV,03_Classification_Model_Building_and_Evaluation,diagnostic,completed_experiment,srisa,5_fold_cross_validation,model_comparison,classification,07_MLflow_Experiment_Tracking.ipynb,delayed,,,
2d26b66befe14e44ab588db3afaf1927,2,FINISHED,file:///c:/Users/srisa/OneDrive/Desktop/Projects/Public Transport Delays/notebooks/mlruns/2/2d26b66befe14e44ab588db3afaf1927/artifacts,2026-10-03 09:14:01.698000+00:00,2026-10-03 09:14:01.898000+00:00,0.4946018018105274,0.6150000000000001,0.7422942817294281,0.4883076346918745,0.744077182288167,0.7436242238266634,0.742770037351528,,,,,,,,,,,,,,,,,,,33,1600,5,400,XGBoost,,,,,,,,,,NOTEBOOK,public_transport_delay_prediction,Classification - XGBoost CV,03_Classification_Model_Building_and_Evaluation,diagnostic,completed_experiment,srisa,5_fold_cross_validation,model_comparison,classification,07_MLflow_Experiment_Tracking.ipynb,delayed,,,
6433b1b0d66f4e59a807bf758cfd74ec,2,FINISHED,file:///c:/Users/srisa/OneDrive/Desktop/Projects/Public Transport Delays/notebooks/mlruns/2/6433b1b0d66f4e59a807bf758cfd74ec/artifacts,2026-10-03 09:14:01.936000+00:00,2026-10-03 09:14:02.144000+00:00,0.5075218890438554,0.569375,0.6404776847977685,0.4985721757322175,0.7675628622621122,0.7479393486696136,0.689492364481451,,,,,,,,,,,,,,,,,,,33,1600,5,400,SVM,,,,,,,,,,NOTEBOOK,public_transport_delay_prediction,Classification - SVM CV,03_Classification_Model_Building_and_Evaluation,diagnostic,completed_experiment,srisa,5_fold_cross_validation,model_comparison,classification,07_MLflow_Experiment_Tracking.ipynb,delayed,,,
b9cbdbcee09d44d5943fd791a5493c76,2,FINISHED,file:///c:/Users/srisa/OneDrive/Desktop/Projects/Public Transport Delays/notebooks/mlruns/2/b9cbdbcee09d44d5943fd791a5493c76/artifacts,2026-10-03 09:14:02.177000+00:00,2026-10-03 09:14:02.413000+00:00,0.4702758891213389,0.53125,0.5712866108786611,0.4913840461800712,0.7300655912381553,0.7439111391747101,0.6461740772806699,,,,,,,,,,,,,,,,,,,33,1600,5,400,Logistic Regression,,,,,,,,,,NOTEBOOK,public_transport_delay_prediction,Classification - Logistic Regression CV,03_Classification_Model_Building_and_Evaluation,diagnostic,completed_experiment,srisa,5_fold_cross_validation,model_comparison,classification,07_MLflow_Experiment_Tracking.ipynb,delayed,,,
3320b165a9424ff6a308d32f93c8dae0,2,FINISHED,file:///c:/Users/srisa/OneDrive/Desktop/Projects/Public Transport Delays/notebooks/mlruns/2/3320b165a9424ff6a308d32f93c8dae0/artifacts,2026-10-03 09:14:02.446000+00:00,2026-10-03 09:14:02.679000+00:00,0.49561367532543,0.506875,0.5212726638772665,0.4925190479880159,0.7504568066835086,0.743730908784038,0.6118363555212096,,,,,,,,,,,,,,,,,,,33,1600,5,400,Gaussian Naive Bayes,,,,,,,,,,NOTEBOOK,public_transport_delay_prediction,Classification - Gaussian Naive Bayes CV,03_Classification_Model_Building_and_Evaluation,diagnostic,completed_experiment,srisa,5_fold_cross_validation,model_comparison,classification,07_MLflow_Experiment_Tracking.ipynb,delayed,,,
9a7ca01942044904aa7011ffcd9130fd,2,FINISHED,file:///c:/Users/srisa/OneDrive/Desktop/Projects/Public Transport Delays/notebooks/mlruns/2/9a7ca01942044904aa7011ffcd9130fd/artifacts,2026-10-03 09:14:02.720000+00:00,2026-10-03 09:14:02.906000+00:00,0.4953134612777002,0.4625,0.4345641562064156,0.4904302262513559,0.7473363511332611,0.7422457016103039,0.5425213434263856,,,,,,,,,,,,,,,,,,,33,1600,5,400,Decision Tree,,,,,,,,,,NOTEBOOK,public_transport_delay_prediction,Classification - Decision Tree CV,03_Classification_Model_Building_and_Evaluation,diagnostic,completed_experiment,srisa,5_fold_cross_validation,model_comparison,classification,07_MLflow_Experiment_Tracking.ipynb,delayed,,,
0ed8ff1f300e45d9941931d086dc2c3e,2,FINISHED,file:///c:/Users/srisa/OneDrive/Desktop/Projects/Public Transport Delays/notebooks/mlruns/2/0ed8ff1f300e45d9941931d086dc2c3e/artifacts,2026-10-03 09:14:33.811000+00:00,2026-10-03 09:14:34.039000+00:00,,,,,,,,1.0,0.75,0.75,0.5,0.4818,0.7298283832786652,0.8571428571428571,,,,,,,,,,,,33,1600,5,400,Random Forest,delayed == (actual_arrival_delay_min > 5),,,,,,,,,NOTEBOOK,public_transport_delay_prediction,Classification - Random Forest Diagnostic Final,03_Classification_Model_Building_and_Evaluation,diagnostic,completed_experiment,srisa,,final_test_evaluation,classification,07_MLflow_Experiment_Tracking.ipynb,delayed,target_construction_limitation,,
bfe8b78baf1e4cb6b750a24746b1c65e,2,FINISHED,file:///c:/Users/srisa/OneDrive/Desktop/Projects/Public Transport Delays/notebooks/mlruns/2/bfe8b78baf1e4cb6b750a24746b1c65e/artifacts,2026-10-03 09:15:52.883000+00:00,2026-10-03 09:15:52.981000+00:00,,,,,,,,,,,,,,,8.02175390625,-0.0047510491673019,9.314510950707476,,,,,,,,,33,1600,5,400,Mean Baseline,,RMSE,,,,,,,,NOTEBOOK,public_transport_delay_prediction,Regression - Mean Baseline CV,04_Regression_Model_Building_and_Evaluation,,completed_experiment,srisa,5_fold_cross_validation,model_comparison,regression,07_MLflow_Experiment_Tracking.ipynb,actual_arrival_delay_min,,,
8137300c8a3b4e09af6b97263f5864c9,2,FINISHED,file:///c:/Users/srisa/OneDrive/Desktop/Projects/Public Transport Delays/notebooks/mlruns/2/8137300c8a3b4e09af6b97263f5864c9/artifacts,2026-10-03 09:15:53.011000+00:00,2026-10-03 09:15:53.136000+00:00,,,,,,,,,,,,,,,8.004225,-0.0158674231930596,9.364871696712608,,,,,,,,,33,1600,5,400,Random Forest,,RMSE,,,,,,,,NOTEBOOK,public_transport_delay_prediction,Regression - Random Forest CV,04_Regression_Model_Building_and_Evaluation,,completed_experiment,srisa,5_fold_cross_validation,model_comparison,regression,07_MLflow_Experiment_Tracking.ipynb,actual_arrival_delay_min,,,
dcaa83ed510145e09457616807a57361,2,FINISHED,file:///c:/Users/srisa/OneDrive/Desktop/Projects/Public Transport Delays/notebooks/mlruns/2/dcaa83ed510145e09457616807a57361/artifacts,2026-10-03 09:15:53.164000+00:00,2026-10-03 09:15:53.308000+00:00,,,,,,,,,,,,,,,8.1366109375,-0.0451804727513894,9.49991059816231,,,,,,,,,33,1600,5,400,Extra Trees,,RMSE,,,,,,,,NOTEBOOK,public_transport_delay_prediction,Regression - Extra Trees CV,04_Regression_Model_Building_and_Evaluation,,completed_experiment,srisa,5_fold_cross_validation,model_comparison,regression,07_MLflow_Experiment_Tracking.ipynb,actual_arrival_delay_min,,,
247d6f69acc74def827d44e218a335e3,2,FINISHED,file:///c:/Users/srisa/OneDrive/Desktop/Projects/Public Transport Delays/notebooks/mlruns/2/247d6f69acc74def827d44e218a335e3/artifacts,2026-10-03 09:15:53.345000+00:00,2026-10-03 09:15:53.475000+00:00,,,,,,,,,,,,,,,8.1889673375649,-0.0595943926433331,9.565337536462062,,,,,,,,,33,1600,5,400,Gradient Boosting,,RMSE,,,,,,,,NOTEBOOK,public_transport_delay_prediction,Regression - Gradient Boosting CV,04_Regression_Model_Building_and_Evaluation,,completed_experiment,srisa,5_fold_cross_validation,model_comparison,regression,07_MLflow_Experiment_Tracking.ipynb,actual_arrival_delay_min,,,
6c2320b935194857a2ed6ea6ea2de879,2,FINISHED,file:///c:/Users/srisa/OneDrive/Desktop/Projects/Public Transport Delays/notebooks/mlruns/2/6c2320b935194857a2ed6ea6ea2de879/artifacts,2026-10-03 09:15:53.507000+00:00,2026-10-03 09:15:53.636000+00:00,,,,,,,,,,,,,,,8.312056622728706,-0.1048739557316839,9.766717223122871,,,,,,,,,33,1600,5,400,XGBoost,,RMSE,,,,,,,,NOTEBOOK,public_transport_delay_prediction,Regression - XGBoost CV,04_Regression_Model_Building_and_Evaluation,,completed_experiment,srisa,5_fold_cross_validation,model_comparison,regression,07_MLflow_Experiment_Tracking.ipynb,actual_arrival_delay_min,,,
edfdecbd1dea446ba8142735c45ca470,2,FINISHED,file:///c:/Users/srisa/OneDrive/Desktop/Projects/Public Transport Delays/notebooks/mlruns/2/edfdecbd1dea446ba8142735c45ca470/artifacts,2026-10-03 09:15:53.665000+00:00,2026-10-03 09:15:53.776000+00:00,,,,,,,,,,,,,,,8.308873393232862,-0.1094443537401436,9.78763900429258,,,,,,,,,33,1600,5,400,Lasso,,RMSE,,,,,,,,NOTEBOOK,public_transport_delay_prediction,Regression - Lasso CV,04_Regression_Model_Building_and_Evaluation,,completed_experiment,srisa,5_fold_cross_validation,model_comparison,regression,07_MLflow_Experiment_Tracking.ipynb,actual_arrival_delay_min,,,
41bd3aa4a9fb40cca48aea3a80ea0505,2,FINISHED,file:///c:/Users/srisa/OneDrive/Desktop/Projects/Public Transport Delays/notebooks/mlruns/2/41bd3aa4a9fb40cca48aea3a80ea0505/artifacts,2026-10-03 09:15:53.818000+00:00,2026-10-03 09:15:53.934000+00:00,,,,,,,,,,,,,,,8.423074144202939,-0.1512657723258651,9.96926621978262,,,,,,,,,33,1600,5,400,Ridge,,RMSE,,,,,,,,NOTEBOOK,public_transport_delay_prediction,Regression - Ridge CV,04_Regression_Model_Building_and_Evaluation,,completed_experiment,srisa,5_fold_cross_validation,model_comparison,regression,07_MLflow_Experiment_Tracking.ipynb,actual_arrival_delay_min,,,
c3c78cee8359475dbc1f0860089a7871,2,FINISHED,file:///c:/Users/srisa/OneDrive/Desktop/Projects/Public Transport Delays/notebooks/mlruns/2/c3c78cee8359475dbc1f0860089a7871/artifacts,2026-10-03 09:15:53.972000+00:00,2026-10-03 09:15:54.103000+00:00,,,,,,,,,,,,,,,8.453816909790039,-0.1623425133433459,10.01690522150666,,,,,,,,,33,1600,5,400,Linear Regression,,RMSE,,,,,,,,NOTEBOOK,public_transport_delay_prediction,Regression - Linear Regression CV,04_Regression_Model_Building_and_Evaluation,,completed_experiment,srisa,5_fold_cross_validation,model_comparison,regression,07_MLflow_Experiment_Tracking.ipynb,actual_arrival_delay_min,,,
78fdf6cd8eb44d36bf4009eac56f3b86,2,FINISHED,file:///c:/Users/srisa/OneDrive/Desktop/Projects/Public Transport Delays/notebooks/mlruns/2/78fdf6cd8eb44d36bf4009eac56f3b86/artifacts,2026-10-03 09:23:18.761000+00:00,2026-10-03 09:23:42.494000+00:00,,,,,,,,,,,,,,,,,,9.2602202996042,9.364871696712608,9.305583900796396,7.750096204634067,9.314510950707476,-0.0170421494595904,,,33,1600,5,400,,,RMSE,log2,10,200,5,,,,NOTEBOOK,public_transport_delay_prediction,Regression - Tuned Random Forest Final,04_Regression_Model_Building_and_Evaluation,final,completed_experiment,srisa,,final_test_evaluation,regression,07_MLflow_Experiment_Tracking.ipynb,actual_arrival_delay_min,,"SHAP,permutation,feature_importance",post_outcome_delay_excluded
d09dc586a39e4695bee79dc31a98a4b1,2,FINISHED,file:///c:/Users/srisa/OneDrive/Desktop/Projects/Public Transport Delays/notebooks/mlruns/2/d09dc586a39e4695bee79dc31a98a4b1/artifacts,2026-10-03 09:25:35.162000+00:00,2026-10-03 09:25:35.295000+00:00,,,,,,,,,,,,,,,,,,,,,,,,0.4013739024847586,0.2811213991769552,,,,,3-Day Moving Average,,RMSE,,,,,3,D,,NOTEBOOK,public_transport_delay_prediction,Time Series - 3-Day Moving Average Validation,05_Time_Series_Analysis_and_Forecasting,,completed_experiment,srisa,chronological_validation,model_comparison,time_series,07_MLflow_Experiment_Tracking.ipynb,daily_mean_arrival_delay_min,,,
7f655f5a707240e29ced41f78142a054,2,FINISHED,file:///c:/Users/srisa/OneDrive/Desktop/Projects/Public Transport Delays/notebooks/mlruns/2/7f655f5a707240e29ced41f78142a054/artifacts,2026-10-03 09:25:35.314000+00:00,2026-10-03 09:25:35.402000+00:00,,,,,,,,,,,,,,,,,,,,,,,,0.6824260790573985,0.4802350307661006,,,,,Simple Exponential Smoothing,,RMSE,,,,,,D,,NOTEBOOK,public_transport_delay_prediction,Time Series - Simple Exponential Smoothing Validation,05_Time_Series_Analysis_and_Forecasting,,completed_experiment,srisa,chronological_validation,model_comparison,time_series,07_MLflow_Experiment_Tracking.ipynb,daily_mean_arrival_delay_min,,,
536050fd8d74440198adaa8bf89d53dc,2,FINISHED,file:///c:/Users/srisa/OneDrive/Desktop/Projects/Public Transport Delays/notebooks/mlruns/2/536050fd8d74440198adaa8bf89d53dc/artifacts,2026-10-03 09:25:35.417000+00:00,2026-10-03 09:25:35.499000+00:00,,,,,,,,,,,,,,,,,,,,,,,,0.694096912921324,0.4864233652522003,,,,,"ARIMA(1,0,0)",,RMSE,,,,,,D,"(1,0,0)",NOTEBOOK,public_transport_delay_prediction,"Time Series - ARIMA(1,0,0) Validation",05_Time_Series_Analysis_and_Forecasting,,completed_experiment,srisa,chronological_validation,model_comparison,time_series,07_MLflow_Experiment_Tracking.ipynb,daily_mean_arrival_delay_min,,,
b839670c575f48b1b520d516cf47e626,2,FINISHED,file:///c:/Users/srisa/OneDrive/Desktop/Projects/Public Transport Delays/notebooks/mlruns/2/b839670c575f48b1b520d516cf47e626/artifacts,2026-10-03 09:25:35.519000+00:00,2026-10-03 09:25:35.604000+00:00,,,,,,,,,,,,,,,,,,,,,,,,0.7821522567747142,0.5833333333333339,,,,,Naive Last Value,,RMSE,,,,,,D,,NOTEBOOK,public_transport_delay_prediction,Time Series - Naive Last Value Validation,05_Time_Series_Analysis_and_Forecasting,,completed_experiment,srisa,chronological_validation,model_comparison,time_series,07_MLflow_Experiment_Tracking.ipynb,daily_mean_arrival_delay_min,,,
cf98bb1beb764771832ffd2a1725694d,2,FINISHED,file:///c:/Users/srisa/OneDrive/Desktop/Projects/Public Transport Delays/notebooks/mlruns/2/cf98bb1beb764771832ffd2a1725694d/artifacts,2026-10-03 09:26:11.553000+00:00,2026-10-03 09:26:11.719000+00:00,,,,,,,,,,,,,,,,,,1.0946077679512838,,,0.9603587962962954,,,0.4013739024847586,0.2811213991769552,,,,,3-Day Moving Average,,RMSE,,,,,3,D,,NOTEBOOK,public_transport_delay_prediction,Time Series - 3-Day Moving Average Final,05_Time_Series_Analysis_and_Forecasting,final,completed_experiment,srisa,,final_test_evaluation,time_series,07_MLflow_Experiment_Tracking.ipynb,daily_mean_arrival_delay_min,,,
cd60ac9336ad417790cfcd7ea2fe859e,2,FINISHED,file:///c:/Users/srisa/OneDrive/Desktop/Projects/Public Transport Delays/notebooks/mlruns/2/cd60ac9336ad417790cfcd7ea2fe859e/artifacts,2026-10-05 20:45:12.187000+00:00,2026-10-05 20:45:12.371000+00:00,0.5037870572149905,0.749375,1.0,0.5,0.753986733576929,0.749375,0.8567339637107079,,,,,,,,,,,,,,,,,,,33,1600,5,400,Random Forest,,,,,,,,,,NOTEBOOK,public_transport_delay_prediction,Classification - Random Forest CV,03_Classification_Model_Building_and_Evaluation,diagnostic,completed_experiment,srisa,5_fold_cross_validation,model_comparison,classification,07_MLflow_Experiment_Tracking.ipynb,delayed,,,
4a47f2df058343ca9cbe66fb74681e42,2,FINISHED,file:///c:/Users/srisa/OneDrive/Desktop/Projects/Public Transport Delays/notebooks/mlruns/2/4a47f2df058343ca9cbe66fb74681e42/artifacts,2026-10-05 20:45:12.402000+00:00,2026-10-05 20:45:12.566000+00:00,0.4973915128299498,0.74875,0.9916562064156208,0.5070626711090449,0.7531590202945931,0.7520594799167652,0.8553953064439612,,,,,,,,,,,,,,,,,,,33,1600,5,400,Extra Trees,,,,,,,,,,NOTEBOOK,public_transport_delay_prediction,Classification - Extra Trees CV,03_Classification_Model_Building_and_Evaluation,diagnostic,completed_experiment,srisa,5_fold_cross_validation,model_comparison,classification,07_MLflow_Experiment_Tracking.ipynb,delayed,,,
031f23c944464b63a32b9d9314e71b97,2,FINISHED,file:///c:/Users/srisa/OneDrive/Desktop/Projects/Public Transport Delays/notebooks/mlruns/2/031f23c944464b63a32b9d9314e71b97/artifacts,2026-10-05 20:45:12.584000+00:00,2026-10-05 20:45:12.768000+00:00,0.4875117177411024,0.7368750000000001,0.981642259414226,0.4933211297071129,0.7528243331243918,0.7468192536718583,0.8482777814060452,,,,,,,,,,,,,,,,,,,33,1600,5,400,KNN,,,,,,,,,,NOTEBOOK,public_transport_delay_prediction,Classification - KNN CV,03_Classification_Model_Building_and_Evaluation,diagnostic,completed_experiment,srisa,5_fold_cross_validation,model_comparison,classification,07_MLflow_Experiment_Tracking.ipynb,delayed,,,
6212a60f3c4a4b838c04b15d0f72a9c8,2,FINISHED,file:///c:/Users/srisa/OneDrive/Desktop/Projects/Public Transport Delays/notebooks/mlruns/2/6212a60f3c4a4b838c04b15d0f72a9c8/artifacts,2026-10-05 20:45:12.788000+00:00,2026-10-05 20:45:12.940000+00:00,0.5004910910300119,0.7293749999999999,0.9624825662482566,0.4974758510253629,0.7488232338170749,0.7484108207650777,0.8419747854477692,,,,,,,,,,,,,,,,,,,33,1600,5,400,Gradient Boosting,,,,,,,,,,NOTEBOOK,public_transport_delay_prediction,Classification - Gradient Boosting CV,03_Classification_Model_Building_and_Evaluation,diagnostic,completed_experiment,srisa,5_fold_cross_validation,model_comparison,classification,07_MLflow_Experiment_Tracking.ipynb,delayed,,,
5983f96750f743a8ae0c7096fc4de5c0,2,FINISHED,file:///c:/Users/srisa/OneDrive/Desktop/Projects/Public Transport Delays/notebooks/mlruns/2/5983f96750f743a8ae0c7096fc4de5c0/artifacts,2026-10-05 20:45:12.970000+00:00,2026-10-05 20:45:13.117000+00:00,0.4946018018105274,0.6150000000000001,0.7422942817294281,0.4883076346918745,0.744077182288167,0.7436242238266634,0.742770037351528,,,,,,,,,,,,,,,,,,,33,1600,5,400,XGBoost,,,,,,,,,,NOTEBOOK,public_transport_delay_prediction,Classification - XGBoost CV,03_Classification_Model_Building_and_Evaluation,diagnostic,completed_experiment,srisa,5_fold_cross_validation,model_comparison,classification,07_MLflow_Experiment_Tracking.ipynb,delayed,,,
506d87ac39964362b269f43878151d98,2,FINISHED,file:///c:/Users/srisa/OneDrive/Desktop/Projects/Public Transport Delays/notebooks/mlruns/2/506d87ac39964362b269f43878151d98/artifacts,2026-10-05 20:45:13.139000+00:00,2026-10-05 20:45:13.306000+00:00,0.5075218890438554,0.569375,0.6404776847977685,0.4985721757322175,0.7675628622621122,0.7479393486696136,0.689492364481451,,,,,,,,,,,,,,,,,,,33,1600,5,400,SVM,,,,,,,,,,NOTEBOOK,public_transport_delay_prediction,Classification - SVM CV,03_Classification_Model_Building_and_Evaluation,diagnostic,completed_experiment,srisa,5_fold_cross_validation,model_comparison,classification,07_MLflow_Experiment_Tracking.ipynb,delayed,,,
65b04a4eb0f144cd943aa1051c4f759d,2,FINISHED,file:///c:/Users/srisa/OneDrive/Desktop/Projects/Public Transport Delays/notebooks/mlruns/2/65b04a4eb0f144cd943aa1051c4f759d/artifacts,2026-10-05 20:45:13.325000+00:00,2026-10-05 20:45:13.473000+00:00,0.4702758891213389,0.53125,0.5712866108786611,0.4913840461800712,0.7300655912381553,0.7439111391747101,0.6461740772806699,,,,,,,,,,,,,,,,,,,33,1600,5,400,Logistic Regression,,,,,,,,,,NOTEBOOK,public_transport_delay_prediction,Classification - Logistic Regression CV,03_Classification_Model_Building_and_Evaluation,diagnostic,completed_experiment,srisa,5_fold_cross_validation,model_comparison,classification,07_MLflow_Experiment_Tracking.ipynb,delayed,,,
3aa40ccaaf694699af1affaae7892c6b,2,FINISHED,file:///c:/Users/srisa/OneDrive/Desktop/Projects/Public Transport Delays/notebooks/mlruns/2/3aa40ccaaf694699af1affaae7892c6b/artifacts,2026-10-05 20:45:13.596000+00:00,2026-10-05 20:45:13.759000+00:00,0.49561367532543,0.506875,0.5212726638772665,0.4925190479880159,0.7504568066835086,0.743730908784038,0.6118363555212096,,,,,,,,,,,,,,,,,,,33,1600,5,400,Gaussian Naive Bayes,,,,,,,,,,NOTEBOOK,public_transport_delay_prediction,Classification - Gaussian Naive Bayes CV,03_Classification_Model_Building_and_Evaluation,diagnostic,completed_experiment,srisa,5_fold_cross_validation,model_comparison,classification,07_MLflow_Experiment_Tracking.ipynb,delayed,,,
b289fc939f3e4a218a2a8f799996efdd,2,FINISHED,file:///c:/Users/srisa/OneDrive/Desktop/Projects/Public Transport Delays/notebooks/mlruns/2/b289fc939f3e4a218a2a8f799996efdd/artifacts,2026-10-05 20:45:13.777000+00:00,2026-10-05 20:45:13.936000+00:00,0.4953134612777002,0.4625,0.4345641562064156,0.4904302262513559,0.7473363511332611,0.7422457016103039,0.5425213434263856,,,,,,,,,,,,,,,,,,,33,1600,5,400,Decision Tree,,,,,,,,,,NOTEBOOK,public_transport_delay_prediction,Classification - Decision Tree CV,03_Classification_Model_Building_and_Evaluation,diagnostic,completed_experiment,srisa,5_fold_cross_validation,model_comparison,classification,07_MLflow_Experiment_Tracking.ipynb,delayed,,,
7e66e0f2f9b7491eb882cde9dfeee300,2,FINISHED,file:///c:/Users/srisa/OneDrive/Desktop/Projects/Public Transport Delays/notebooks/mlruns/2/7e66e0f2f9b7491eb882cde9dfeee300/artifacts,2026-10-05 20:45:13.991000+00:00,2026-10-05 20:45:14.178000+00:00,,,,,,,,1.0,0.75,0.75,0.5,0.4818,0.7298283832786652,0.8571428571428571,,,,,,,,,,,,33,1600,5,400,Random Forest,delayed == (actual_arrival_delay_min > 5),,,,,,,,,NOTEBOOK,public_transport_delay_prediction,Classification - Random Forest Diagnostic Final,03_Classification_Model_Building_and_Evaluation,diagnostic,completed_experiment,srisa,,final_test_evaluation,classification,07_MLflow_Experiment_Tracking.ipynb,delayed,target_construction_limitation,,
45d59048f58c4606b606e94d5db1c59a,2,FINISHED,file:///c:/Users/srisa/OneDrive/Desktop/Projects/Public Transport Delays/notebooks/mlruns/2/45d59048f58c4606b606e94d5db1c59a/artifacts,2026-10-05 20:45:14.401000+00:00,2026-10-05 20:45:14.486000+00:00,,,,,,,,,,,,,,,8.02175390625,-0.0047510491673019,9.314510950707476,,,,,,,,,33,1600,5,400,Mean Baseline,,RMSE,,,,,,,,NOTEBOOK,public_transport_delay_prediction,Regression - Mean Baseline CV,04_Regression_Model_Building_and_Evaluation,,completed_experiment,srisa,5_fold_cross_validation,model_comparison,regression,07_MLflow_Experiment_Tracking.ipynb,actual_arrival_delay_min,,,
85838293c765487a8efcbfd5cccbd954,2,FINISHED,file:///c:/Users/srisa/OneDrive/Desktop/Projects/Public Transport Delays/notebooks/mlruns/2/85838293c765487a8efcbfd5cccbd954/artifacts,2026-10-05 20:45:14.502000+00:00,2026-10-05 20:45:14.595000+00:00,,,,,,,,,,,,,,,8.004225,-0.0158674231930596,9.364871696712608,,,,,,,,,33,1600,5,400,Random Forest,,RMSE,,,,,,,,NOTEBOOK,public_transport_delay_prediction,Regression - Random Forest CV,04_Regression_Model_Building_and_Evaluation,,completed_experiment,srisa,5_fold_cross_validation,model_comparison,regression,07_MLflow_Experiment_Tracking.ipynb,actual_arrival_delay_min,,,
5ab1138ae7924fadbfa7e515fc8a1aa7,2,FINISHED,file:///c:/Users/srisa/OneDrive/Desktop/Projects/Public Transport Delays/notebooks/mlruns/2/5ab1138ae7924fadbfa7e515fc8a1aa7/artifacts,2026-10-05 20:45:14.625000+00:00,2026-10-05 20:45:14.719000+00:00,,,,,,,,,,,,,,,8.1366109375,-0.0451804727513894,9.49991059816231,,,,,,,,,33,1600,5,400,Extra Trees,,RMSE,,,,,,,,NOTEBOOK,public_transport_delay_prediction,Regression - Extra Trees CV,04_Regression_Model_Building_and_Evaluation,,completed_experiment,srisa,5_fold_cross_validation,model_comparison,regression,07_MLflow_Experiment_Tracking.ipynb,actual_arrival_delay_min,,,
8283a7c6dfc84523ad1faf31ef25c881,2,FINISHED,file:///c:/Users/srisa/OneDrive/Desktop/Projects/Public Transport Delays/notebooks/mlruns/2/8283a7c6dfc84523ad1faf31ef25c881/artifacts,2026-10-05 20:45:14.748000+00:00,2026-10-05 20:45:14.856000+00:00,,,,,,,,,,,,,,,8.1889673375649,-0.0595943926433331,9.565337536462062,,,,,,,,,33,1600,5,400,Gradient Boosting,,RMSE,,,,,,,,NOTEBOOK,public_transport_delay_prediction,Regression - Gradient Boosting CV,04_Regression_Model_Building_and_Evaluation,,completed_experiment,srisa,5_fold_cross_validation,model_comparison,regression,07_MLflow_Experiment_Tracking.ipynb,actual_arrival_delay_min,,,
b763aa72750742f1a55338dc5062b5f4,2,FINISHED,file:///c:/Users/srisa/OneDrive/Desktop/Projects/Public Transport Delays/notebooks/mlruns/2/b763aa72750742f1a55338dc5062b5f4/artifacts,2026-10-05 20:45:14.884000+00:00,2026-10-05 20:45:14.985000+00:00,,,,,,,,,,,,,,,8.312056622728706,-0.1048739557316839,9.766717223122871,,,,,,,,,33,1600,5,400,XGBoost,,RMSE,,,,,,,,NOTEBOOK,public_transport_delay_prediction,Regression - XGBoost CV,04_Regression_Model_Building_and_Evaluation,,completed_experiment,srisa,5_fold_cross_validation,model_comparison,regression,07_MLflow_Experiment_Tracking.ipynb,actual_arrival_delay_min,,,
41d782201d894c6c9b3823d28846a094,2,FINISHED,file:///c:/Users/srisa/OneDrive/Desktop/Projects/Public Transport Delays/notebooks/mlruns/2/41d782201d894c6c9b3823d28846a094/artifacts,2026-10-05 20:45:15.012000+00:00,2026-10-05 20:45:15.106000+00:00,,,,,,,,,,,,,,,8.308873393232862,-0.1094443537401436,9.78763900429258,,,,,,,,,33,1600,5,400,Lasso,,RMSE,,,,,,,,NOTEBOOK,public_transport_delay_prediction,Regression - Lasso CV,04_Regression_Model_Building_and_Evaluation,,completed_experiment,srisa,5_fold_cross_validation,model_comparison,regression,07_MLflow_Experiment_Tracking.ipynb,actual_arrival_delay_min,,,
398dd439116e43acb68b0a804a774b80,2,FINISHED,file:///c:/Users/srisa/OneDrive/Desktop/Projects/Public Transport Delays/notebooks/mlruns/2/398dd439116e43acb68b0a804a774b80/artifacts,2026-10-05 20:45:15.125000+00:00,2026-10-05 20:45:15.286000+00:00,,,,,,,,,,,,,,,8.423074144202939,-0.1512657723258651,9.96926621978262,,,,,,,,,33,1600,5,400,Ridge,,RMSE,,,,,,,,NOTEBOOK,public_transport_delay_prediction,Regression - Ridge CV,04_Regression_Model_Building_and_Evaluation,,completed_experiment,srisa,5_fold_cross_validation,model_comparison,regression,07_MLflow_Experiment_Tracking.ipynb,actual_arrival_delay_min,,,
375754b3053e475e9b7f43e58e8140bb,2,FINISHED,file:///c:/Users/srisa/OneDrive/Desktop/Projects/Public Transport Delays/notebooks/mlruns/2/375754b3053e475e9b7f43e58e8140bb/artifacts,2026-10-05 20:45:15.306000+00:00,2026-10-05 20:45:15.473000+00:00,,,,,,,,,,,,,,,8.453816909790039,-0.1623425133433459,10.01690522150666,,,,,,,,,33,1600,5,400,Linear Regression,,RMSE,,,,,,,,NOTEBOOK,public_transport_delay_prediction,Regression - Linear Regression CV,04_Regression_Model_Building_and_Evaluation,,completed_experiment,srisa,5_fold_cross_validation,model_comparison,regression,07_MLflow_Experiment_Tracking.ipynb,actual_arrival_delay_min,,,
0db24055614f44419edf1bcffdc88577,2,FINISHED,file:///c:/Users/srisa/OneDrive/Desktop/Projects/Public Transport Delays/notebooks/mlruns/2/0db24055614f44419edf1bcffdc88577/artifacts,2026-10-05 20:45:17.346000+00:00,2026-10-05 20:45:33.898000+00:00,,,,,,,,,,,,,,,,,,9.2602202996042,9.364871696712608,9.305583900796396,7.750096204634067,9.314510950707476,-0.0170421494595904,,,33,1600,5,400,,,RMSE,log2,10,200,5,,,,NOTEBOOK,public_transport_delay_prediction,Regression - Tuned Random Forest Final,04_Regression_Model_Building_and_Evaluation,final,completed_experiment,srisa,,final_test_evaluation,regression,07_MLflow_Experiment_Tracking.ipynb,actual_arrival_delay_min,,"SHAP,permutation,feature_importance",post_outcome_delay_excluded
f75e01a43fbb40e6909b34844ec7f7e4,2,FINISHED,file:///c:/Users/srisa/OneDrive/Desktop/Projects/Public Transport Delays/notebooks/mlruns/2/f75e01a43fbb40e6909b34844ec7f7e4/artifacts,2026-10-05 20:45:34.469000+00:00,2026-10-05 20:45:34.546000+00:00,,,,,,,,,,,,,,,,,,,,,,,,0.4013739024847586,0.2811213991769552,,,,,3-Day Moving Average,,RMSE,,,,,3,D,,NOTEBOOK,public_transport_delay_prediction,Time Series - 3-Day Moving Average Validation,05_Time_Series_Analysis_and_Forecasting,,completed_experiment,srisa,chronological_validation,model_comparison,time_series,07_MLflow_Experiment_Tracking.ipynb,daily_mean_arrival_delay_min,,,
81a9474f12f4487c9861160f20a1c594,2,FINISHED,file:///c:/Users/srisa/OneDrive/Desktop/Projects/Public Transport Delays/notebooks/mlruns/2/81a9474f12f4487c9861160f20a1c594/artifacts,2026-10-05 20:45:34.566000+00:00,2026-10-05 20:45:34.661000+00:00,,,,,,,,,,,,,,,,,,,,,,,,0.6824260790573985,0.4802350307661006,,,,,Simple Exponential Smoothing,,RMSE,,,,,,D,,NOTEBOOK,public_transport_delay_prediction,Time Series - Simple Exponential Smoothing Validation,05_Time_Series_Analysis_and_Forecasting,,completed_experiment,srisa,chronological_validation,model_comparison,time_series,07_MLflow_Experiment_Tracking.ipynb,daily_mean_arrival_delay_min,,,
29aaaa5a5a4c41579568100762b1e7e3,2,FINISHED,file:///c:/Users/srisa/OneDrive/Desktop/Projects/Public Transport Delays/notebooks/mlruns/2/29aaaa5a5a4c41579568100762b1e7e3/artifacts,2026-10-05 20:45:34.689000+00:00,2026-10-05 20:45:34.780000+00:00,,,,,,,,,,,,,,,,,,,,,,,,0.694096912921324,0.4864233652522003,,,,,"ARIMA(1,0,0)",,RMSE,,,,,,D,"(1,0,0)",NOTEBOOK,public_transport_delay_prediction,"Time Series - ARIMA(1,0,0) Validation",05_Time_Series_Analysis_and_Forecasting,,completed_experiment,srisa,chronological_validation,model_comparison,time_series,07_MLflow_Experiment_Tracking.ipynb,daily_mean_arrival_delay_min,,,
5804a0c886b949ae9a1917f41205aae7,2,FINISHED,file:///c:/Users/srisa/OneDrive/Desktop/Projects/Public Transport Delays/notebooks/mlruns/2/5804a0c886b949ae9a1917f41205aae7/artifacts,2026-10-05 20:45:34.803000+00:00,2026-10-05 20:45:34.930000+00:00,,,,,,,,,,,,,,,,,,,,,,,,0.7821522567747142,0.5833333333333339,,,,,Naive Last Value,,RMSE,,,,,,D,,NOTEBOOK,public_transport_delay_prediction,Time Series - Naive Last Value Validation,05_Time_Series_Analysis_and_Forecasting,,completed_experiment,srisa,chronological_validation,model_comparison,time_series,07_MLflow_Experiment_Tracking.ipynb,daily_mean_arrival_delay_min,,,
e14e94ce803e40b4b5b3a11771ef37b3,2,FINISHED,file:///c:/Users/srisa/OneDrive/Desktop/Projects/Public Transport Delays/notebooks/mlruns/2/e14e94ce803e40b4b5b3a11771ef37b3/artifacts,2026-10-05 20:45:34.989000+00:00,2026-10-05 20:45:35.223000+00:00,,,,,,,,,,,,,,,,,,1.0946077679512838,,,0.9603587962962954,,,0.4013739024847586,0.2811213991769552,,,,,3-Day Moving Average,,RMSE,,,,,3,D,,NOTEBOOK,public_transport_delay_prediction,Time Series - 3-Day Moving Average Final,05_Time_Series_Analysis_and_Forecasting,final,completed_experiment,srisa,,final_test_evaluation,time_series,07_MLflow_Experiment_Tracking.ipynb,daily_mean_arrival_delay_min,,,
